{
  "package_name": "astra_camera_msgs",
  "output_dir": "/home/toosimple/workspace/astra_ws/src/ros2_astra_camera/astra_camera_msgs/cmake-build-debug/rosidl_typesupport_fastrtps_c/astra_camera_msgs",
  "template_dir": "/opt/ros/galactic/share/rosidl_typesupport_fastrtps_c/resource",
  "idl_tuples": [
    "/home/toosimple/workspace/astra_ws/src/ros2_astra_camera/astra_camera_msgs/cmake-build-debug/rosidl_adapter/astra_camera_msgs:msg/DeviceInfo.idl",
    "/home/toosimple/workspace/astra_ws/src/ros2_astra_camera/astra_camera_msgs/cmake-build-debug/rosidl_adapter/astra_camera_msgs:msg/Extrinsics.idl",
    "/home/toosimple/workspace/astra_ws/src/ros2_astra_camera/astra_camera_msgs/cmake-build-debug/rosidl_adapter/astra_camera_msgs:msg/Metadata.idl",
    "/home/toosimple/workspace/astra_ws/src/ros2_astra_camera/astra_camera_msgs/cmake-build-debug/rosidl_adapter/astra_camera_msgs:srv/GetDeviceInfo.idl",
    "/home/toosimple/workspace/astra_ws/src/ros2_astra_camera/astra_camera_msgs/cmake-build-debug/rosidl_adapter/astra_camera_msgs:srv/GetCameraInfo.idl",
    "/home/toosimple/workspace/astra_ws/src/ros2_astra_camera/astra_camera_msgs/cmake-build-debug/rosidl_adapter/astra_camera_msgs:srv/GetCameraParams.idl",
    "/home/toosimple/workspace/astra_ws/src/ros2_astra_camera/astra_camera_msgs/cmake-build-debug/rosidl_adapter/astra_camera_msgs:srv/GetInt32.idl",
    "/home/toosimple/workspace/astra_ws/src/ros2_astra_camera/astra_camera_msgs/cmake-build-debug/rosidl_adapter/astra_camera_msgs:srv/GetString.idl",
    "/home/toosimple/workspace/astra_ws/src/ros2_astra_camera/astra_camera_msgs/cmake-build-debug/rosidl_adapter/astra_camera_msgs:srv/SetInt32.idl"
  ],
  "ros_interface_dependencies": [
    "sensor_msgs:/opt/ros/galactic/share/sensor_msgs/msg/BatteryState.idl",
    "sensor_msgs:/opt/ros/galactic/share/sensor_msgs/msg/CameraInfo.idl",
    "sensor_msgs:/opt/ros/galactic/share/sensor_msgs/msg/ChannelFloat32.idl",
    "sensor_msgs:/opt/ros/galactic/share/sensor_msgs/msg/CompressedImage.idl",
    "sensor_msgs:/opt/ros/galactic/share/sensor_msgs/msg/FluidPressure.idl",
    "sensor_msgs:/opt/ros/galactic/share/sensor_msgs/msg/Illuminance.idl",
    "sensor_msgs:/opt/ros/galactic/share/sensor_msgs/msg/Image.idl",
    "sensor_msgs:/opt/ros/galactic/share/sensor_msgs/msg/Imu.idl",
    "sensor_msgs:/opt/ros/galactic/share/sensor_msgs/msg/JointState.idl",
    "sensor_msgs:/opt/ros/galactic/share/sensor_msgs/msg/Joy.idl",
    "sensor_msgs:/opt/ros/galactic/share/sensor_msgs/msg/JoyFeedback.idl",
    "sensor_msgs:/opt/ros/galactic/share/sensor_msgs/msg/JoyFeedbackArray.idl",
    "sensor_msgs:/opt/ros/galactic/share/sensor_msgs/msg/LaserEcho.idl",
    "sensor_msgs:/opt/ros/galactic/share/sensor_msgs/msg/LaserScan.idl",
    "sensor_msgs:/opt/ros/galactic/share/sensor_msgs/msg/MagneticField.idl",
    "sensor_msgs:/opt/ros/galactic/share/sensor_msgs/msg/MultiDOFJointState.idl",
    "sensor_msgs:/opt/ros/galactic/share/sensor_msgs/msg/MultiEchoLaserScan.idl",
    "sensor_msgs:/opt/ros/galactic/share/sensor_msgs/msg/NavSatFix.idl",
    "sensor_msgs:/opt/ros/galactic/share/sensor_msgs/msg/NavSatStatus.idl",
    "sensor_msgs:/opt/ros/galactic/share/sensor_msgs/msg/PointCloud.idl",
    "sensor_msgs:/opt/ros/galactic/share/sensor_msgs/msg/PointCloud2.idl",
    "sensor_msgs:/opt/ros/galactic/share/sensor_msgs/msg/PointField.idl",
    "sensor_msgs:/opt/ros/galactic/share/sensor_msgs/msg/Range.idl",
    "sensor_msgs:/opt/ros/galactic/share/sensor_msgs/msg/RegionOfInterest.idl",
    "sensor_msgs:/opt/ros/galactic/share/sensor_msgs/msg/RelativeHumidity.idl",
    "sensor_msgs:/opt/ros/galactic/share/sensor_msgs/msg/Temperature.idl",
    "sensor_msgs:/opt/ros/galactic/share/sensor_msgs/msg/TimeReference.idl",
    "sensor_msgs:/opt/ros/galactic/share/sensor_msgs/srv/SetCameraInfo.idl",
    "builtin_interfaces:/opt/ros/galactic/share/builtin_interfaces/msg/Duration.idl",
    "builtin_interfaces:/opt/ros/galactic/share/builtin_interfaces/msg/Time.idl",
    "geometry_msgs:/opt/ros/galactic/share/geometry_msgs/msg/Accel.idl",
    "geometry_msgs:/opt/ros/galactic/share/geometry_msgs/msg/AccelStamped.idl",
    "geometry_msgs:/opt/ros/galactic/share/geometry_msgs/msg/AccelWithCovariance.idl",
    "geometry_msgs:/opt/ros/galactic/share/geometry_msgs/msg/AccelWithCovarianceStamped.idl",
    "geometry_msgs:/opt/ros/galactic/share/geometry_msgs/msg/Inertia.idl",
    "geometry_msgs:/opt/ros/galactic/share/geometry_msgs/msg/InertiaStamped.idl",
    "geometry_msgs:/opt/ros/galactic/share/geometry_msgs/msg/Point.idl",
    "geometry_msgs:/opt/ros/galactic/share/geometry_msgs/msg/Point32.idl",
    "geometry_msgs:/opt/ros/galactic/share/geometry_msgs/msg/PointStamped.idl",
    "geometry_msgs:/opt/ros/galactic/share/geometry_msgs/msg/Polygon.idl",
    "geometry_msgs:/opt/ros/galactic/share/geometry_msgs/msg/PolygonStamped.idl",
    "geometry_msgs:/opt/ros/galactic/share/geometry_msgs/msg/Pose.idl",
    "geometry_msgs:/opt/ros/galactic/share/geometry_msgs/msg/Pose2D.idl",
    "geometry_msgs:/opt/ros/galactic/share/geometry_msgs/msg/PoseArray.idl",
    "geometry_msgs:/opt/ros/galactic/share/geometry_msgs/msg/PoseStamped.idl",
    "geometry_msgs:/opt/ros/galactic/share/geometry_msgs/msg/PoseWithCovariance.idl",
    "geometry_msgs:/opt/ros/galactic/share/geometry_msgs/msg/PoseWithCovarianceStamped.idl",
    "geometry_msgs:/opt/ros/galactic/share/geometry_msgs/msg/Quaternion.idl",
    "geometry_msgs:/opt/ros/galactic/share/geometry_msgs/msg/QuaternionStamped.idl",
    "geometry_msgs:/opt/ros/galactic/share/geometry_msgs/msg/Transform.idl",
    "geometry_msgs:/opt/ros/galactic/share/geometry_msgs/msg/TransformStamped.idl",
    "geometry_msgs:/opt/ros/galactic/share/geometry_msgs/msg/Twist.idl",
    "geometry_msgs:/opt/ros/galactic/share/geometry_msgs/msg/TwistStamped.idl",
    "geometry_msgs:/opt/ros/galactic/share/geometry_msgs/msg/TwistWithCovariance.idl",
    "geometry_msgs:/opt/ros/galactic/share/geometry_msgs/msg/TwistWithCovarianceStamped.idl",
    "geometry_msgs:/opt/ros/galactic/share/geometry_msgs/msg/Vector3.idl",
    "geometry_msgs:/opt/ros/galactic/share/geometry_msgs/msg/Vector3Stamped.idl",
    "geometry_msgs:/opt/ros/galactic/share/geometry_msgs/msg/Wrench.idl",
    "geometry_msgs:/opt/ros/galactic/share/geometry_msgs/msg/WrenchStamped.idl",
    "std_msgs:/opt/ros/galactic/share/std_msgs/msg/Bool.idl",
    "std_msgs:/opt/ros/galactic/share/std_msgs/msg/Byte.idl",
    "std_msgs:/opt/ros/galactic/share/std_msgs/msg/ByteMultiArray.idl",
    "std_msgs:/opt/ros/galactic/share/std_msgs/msg/Char.idl",
    "std_msgs:/opt/ros/galactic/share/std_msgs/msg/ColorRGBA.idl",
    "std_msgs:/opt/ros/galactic/share/std_msgs/msg/Empty.idl",
    "std_msgs:/opt/ros/galactic/share/std_msgs/msg/Float32.idl",
    "std_msgs:/opt/ros/galactic/share/std_msgs/msg/Float32MultiArray.idl",
    "std_msgs:/opt/ros/galactic/share/std_msgs/msg/Float64.idl",
    "std_msgs:/opt/ros/galactic/share/std_msgs/msg/Float64MultiArray.idl",
    "std_msgs:/opt/ros/galactic/share/std_msgs/msg/Header.idl",
    "std_msgs:/opt/ros/galactic/share/std_msgs/msg/Int16.idl",
    "std_msgs:/opt/ros/galactic/share/std_msgs/msg/Int16MultiArray.idl",
    "std_msgs:/opt/ros/galactic/share/std_msgs/msg/Int32.idl",
    "std_msgs:/opt/ros/galactic/share/std_msgs/msg/Int32MultiArray.idl",
    "std_msgs:/opt/ros/galactic/share/std_msgs/msg/Int64.idl",
    "std_msgs:/opt/ros/galactic/share/std_msgs/msg/Int64MultiArray.idl",
    "std_msgs:/opt/ros/galactic/share/std_msgs/msg/Int8.idl",
    "std_msgs:/opt/ros/galactic/share/std_msgs/msg/Int8MultiArray.idl",
    "std_msgs:/opt/ros/galactic/share/std_msgs/msg/MultiArrayDimension.idl",
    "std_msgs:/opt/ros/galactic/share/std_msgs/msg/MultiArrayLayout.idl",
    "std_msgs:/opt/ros/galactic/share/std_msgs/msg/String.idl",
    "std_msgs:/opt/ros/galactic/share/std_msgs/msg/UInt16.idl",
    "std_msgs:/opt/ros/galactic/share/std_msgs/msg/UInt16MultiArray.idl",
    "std_msgs:/opt/ros/galactic/share/std_msgs/msg/UInt32.idl",
    "std_msgs:/opt/ros/galactic/share/std_msgs/msg/UInt32MultiArray.idl",
    "std_msgs:/opt/ros/galactic/share/std_msgs/msg/UInt64.idl",
    "std_msgs:/opt/ros/galactic/share/std_msgs/msg/UInt64MultiArray.idl",
    "std_msgs:/opt/ros/galactic/share/std_msgs/msg/UInt8.idl",
    "std_msgs:/opt/ros/galactic/share/std_msgs/msg/UInt8MultiArray.idl"
  ],
  "target_dependencies": [
    "/opt/ros/galactic/lib/rosidl_typesupport_fastrtps_c/rosidl_typesupport_fastrtps_c",
    "/opt/ros/galactic/lib/python3.8/site-packages/rosidl_typesupport_fastrtps_c/__init__.py",
    "/opt/ros/galactic/share/rosidl_typesupport_fastrtps_c/resource/idl__rosidl_typesupport_fastrtps_c.h.em",
    "/opt/ros/galactic/share/rosidl_typesupport_fastrtps_c/resource/idl__type_support_c.cpp.em",
    "/opt/ros/galactic/share/rosidl_typesupport_fastrtps_c/resource/msg__rosidl_typesupport_fastrtps_c.h.em",
    "/opt/ros/galactic/share/rosidl_typesupport_fastrtps_c/resource/msg__type_support_c.cpp.em",
    "/opt/ros/galactic/share/rosidl_typesupport_fastrtps_c/resource/srv__rosidl_typesupport_fastrtps_c.h.em",
    "/opt/ros/galactic/share/rosidl_typesupport_fastrtps_c/resource/srv__type_support_c.cpp.em",
    "/home/toosimple/workspace/astra_ws/src/ros2_astra_camera/astra_camera_msgs/cmake-build-debug/rosidl_adapter/astra_camera_msgs/msg/DeviceInfo.idl",
    "/home/toosimple/workspace/astra_ws/src/ros2_astra_camera/astra_camera_msgs/cmake-build-debug/rosidl_adapter/astra_camera_msgs/msg/Extrinsics.idl",
    "/home/toosimple/workspace/astra_ws/src/ros2_astra_camera/astra_camera_msgs/cmake-build-debug/rosidl_adapter/astra_camera_msgs/msg/Metadata.idl",
    "/home/toosimple/workspace/astra_ws/src/ros2_astra_camera/astra_camera_msgs/cmake-build-debug/rosidl_adapter/astra_camera_msgs/srv/GetDeviceInfo.idl",
    "/home/toosimple/workspace/astra_ws/src/ros2_astra_camera/astra_camera_msgs/cmake-build-debug/rosidl_adapter/astra_camera_msgs/srv/GetCameraInfo.idl",
    "/home/toosimple/workspace/astra_ws/src/ros2_astra_camera/astra_camera_msgs/cmake-build-debug/rosidl_adapter/astra_camera_msgs/srv/GetCameraParams.idl",
    "/home/toosimple/workspace/astra_ws/src/ros2_astra_camera/astra_camera_msgs/cmake-build-debug/rosidl_adapter/astra_camera_msgs/srv/GetInt32.idl",
    "/home/toosimple/workspace/astra_ws/src/ros2_astra_camera/astra_camera_msgs/cmake-build-debug/rosidl_adapter/astra_camera_msgs/srv/GetString.idl",
    "/home/toosimple/workspace/astra_ws/src/ros2_astra_camera/astra_camera_msgs/cmake-build-debug/rosidl_adapter/astra_camera_msgs/srv/SetInt32.idl",
    "/opt/ros/galactic/share/sensor_msgs/msg/BatteryState.idl",
    "/opt/ros/galactic/share/sensor_msgs/msg/CameraInfo.idl",
    "/opt/ros/galactic/share/sensor_msgs/msg/ChannelFloat32.idl",
    "/opt/ros/galactic/share/sensor_msgs/msg/CompressedImage.idl",
    "/opt/ros/galactic/share/sensor_msgs/msg/FluidPressure.idl",
    "/opt/ros/galactic/share/sensor_msgs/msg/Illuminance.idl",
    "/opt/ros/galactic/share/sensor_msgs/msg/Image.idl",
    "/opt/ros/galactic/share/sensor_msgs/msg/Imu.idl",
    "/opt/ros/galactic/share/sensor_msgs/msg/JointState.idl",
    "/opt/ros/galactic/share/sensor_msgs/msg/Joy.idl",
    "/opt/ros/galactic/share/sensor_msgs/msg/JoyFeedback.idl",
    "/opt/ros/galactic/share/sensor_msgs/msg/JoyFeedbackArray.idl",
    "/opt/ros/galactic/share/sensor_msgs/msg/LaserEcho.idl",
    "/opt/ros/galactic/share/sensor_msgs/msg/LaserScan.idl",
    "/opt/ros/galactic/share/sensor_msgs/msg/MagneticField.idl",
    "/opt/ros/galactic/share/sensor_msgs/msg/MultiDOFJointState.idl",
    "/opt/ros/galactic/share/sensor_msgs/msg/MultiEchoLaserScan.idl",
    "/opt/ros/galactic/share/sensor_msgs/msg/NavSatFix.idl",
    "/opt/ros/galactic/share/sensor_msgs/msg/NavSatStatus.idl",
    "/opt/ros/galactic/share/sensor_msgs/msg/PointCloud.idl",
    "/opt/ros/galactic/share/sensor_msgs/msg/PointCloud2.idl",
    "/opt/ros/galactic/share/sensor_msgs/msg/PointField.idl",
    "/opt/ros/galactic/share/sensor_msgs/msg/Range.idl",
    "/opt/ros/galactic/share/sensor_msgs/msg/RegionOfInterest.idl",
    "/opt/ros/galactic/share/sensor_msgs/msg/RelativeHumidity.idl",
    "/opt/ros/galactic/share/sensor_msgs/msg/Temperature.idl",
    "/opt/ros/galactic/share/sensor_msgs/msg/TimeReference.idl",
    "/opt/ros/galactic/share/sensor_msgs/srv/SetCameraInfo.idl",
    "/opt/ros/galactic/share/builtin_interfaces/msg/Duration.idl",
    "/opt/ros/galactic/share/builtin_interfaces/msg/Time.idl",
    "/opt/ros/galactic/share/geometry_msgs/msg/Accel.idl",
    "/opt/ros/galactic/share/geometry_msgs/msg/AccelStamped.idl",
    "/opt/ros/galactic/share/geometry_msgs/msg/AccelWithCovariance.idl",
    "/opt/ros/galactic/share/geometry_msgs/msg/AccelWithCovarianceStamped.idl",
    "/opt/ros/galactic/share/geometry_msgs/msg/Inertia.idl",
    "/opt/ros/galactic/share/geometry_msgs/msg/InertiaStamped.idl",
    "/opt/ros/galactic/share/geometry_msgs/msg/Point.idl",
    "/opt/ros/galactic/share/geometry_msgs/msg/Point32.idl",
    "/opt/ros/galactic/share/geometry_msgs/msg/PointStamped.idl",
    "/opt/ros/galactic/share/geometry_msgs/msg/Polygon.idl",
    "/opt/ros/galactic/share/geometry_msgs/msg/PolygonStamped.idl",
    "/opt/ros/galactic/share/geometry_msgs/msg/Pose.idl",
    "/opt/ros/galactic/share/geometry_msgs/msg/Pose2D.idl",
    "/opt/ros/galactic/share/geometry_msgs/msg/PoseArray.idl",
    "/opt/ros/galactic/share/geometry_msgs/msg/PoseStamped.idl",
    "/opt/ros/galactic/share/geometry_msgs/msg/PoseWithCovariance.idl",
    "/opt/ros/galactic/share/geometry_msgs/msg/PoseWithCovarianceStamped.idl",
    "/opt/ros/galactic/share/geometry_msgs/msg/Quaternion.idl",
    "/opt/ros/galactic/share/geometry_msgs/msg/QuaternionStamped.idl",
    "/opt/ros/galactic/share/geometry_msgs/msg/Transform.idl",
    "/opt/ros/galactic/share/geometry_msgs/msg/TransformStamped.idl",
    "/opt/ros/galactic/share/geometry_msgs/msg/Twist.idl",
    "/opt/ros/galactic/share/geometry_msgs/msg/TwistStamped.idl",
    "/opt/ros/galactic/share/geometry_msgs/msg/TwistWithCovariance.idl",
    "/opt/ros/galactic/share/geometry_msgs/msg/TwistWithCovarianceStamped.idl",
    "/opt/ros/galactic/share/geometry_msgs/msg/Vector3.idl",
    "/opt/ros/galactic/share/geometry_msgs/msg/Vector3Stamped.idl",
    "/opt/ros/galactic/share/geometry_msgs/msg/Wrench.idl",
    "/opt/ros/galactic/share/geometry_msgs/msg/WrenchStamped.idl",
    "/opt/ros/galactic/share/std_msgs/msg/Bool.idl",
    "/opt/ros/galactic/share/std_msgs/msg/Byte.idl",
    "/opt/ros/galactic/share/std_msgs/msg/ByteMultiArray.idl",
    "/opt/ros/galactic/share/std_msgs/msg/Char.idl",
    "/opt/ros/galactic/share/std_msgs/msg/ColorRGBA.idl",
    "/opt/ros/galactic/share/std_msgs/msg/Empty.idl",
    "/opt/ros/galactic/share/std_msgs/msg/Float32.idl",
    "/opt/ros/galactic/share/std_msgs/msg/Float32MultiArray.idl",
    "/opt/ros/galactic/share/std_msgs/msg/Float64.idl",
    "/opt/ros/galactic/share/std_msgs/msg/Float64MultiArray.idl",
    "/opt/ros/galactic/share/std_msgs/msg/Header.idl",
    "/opt/ros/galactic/share/std_msgs/msg/Int16.idl",
    "/opt/ros/galactic/share/std_msgs/msg/Int16MultiArray.idl",
    "/opt/ros/galactic/share/std_msgs/msg/Int32.idl",
    "/opt/ros/galactic/share/std_msgs/msg/Int32MultiArray.idl",
    "/opt/ros/galactic/share/std_msgs/msg/Int64.idl",
    "/opt/ros/galactic/share/std_msgs/msg/Int64MultiArray.idl",
    "/opt/ros/galactic/share/std_msgs/msg/Int8.idl",
    "/opt/ros/galactic/share/std_msgs/msg/Int8MultiArray.idl",
    "/opt/ros/galactic/share/std_msgs/msg/MultiArrayDimension.idl",
    "/opt/ros/galactic/share/std_msgs/msg/MultiArrayLayout.idl",
    "/opt/ros/galactic/share/std_msgs/msg/String.idl",
    "/opt/ros/galactic/share/std_msgs/msg/UInt16.idl",
    "/opt/ros/galactic/share/std_msgs/msg/UInt16MultiArray.idl",
    "/opt/ros/galactic/share/std_msgs/msg/UInt32.idl",
    "/opt/ros/galactic/share/std_msgs/msg/UInt32MultiArray.idl",
    "/opt/ros/galactic/share/std_msgs/msg/UInt64.idl",
    "/opt/ros/galactic/share/std_msgs/msg/UInt64MultiArray.idl",
    "/opt/ros/galactic/share/std_msgs/msg/UInt8.idl",
    "/opt/ros/galactic/share/std_msgs/msg/UInt8MultiArray.idl"
  ]
}
